{"parameters":{"use_anomaly":false,"n_trees":100,"balance_factor":0.1,"contamination":0.005,"training_duration":12960000.0,"quantiles_features":["amount"],"quantiles_values":[0.005,0.995],"rules":{}},"accuracy":0.9852977274217777,"f1_score":0.49881831924542763,"recall":0.7298897127546887,"precision":0.3788731483278349,"confusion_matrix":[[1565792,19204],[4335,11714]]}