{"parameters":{"use_anomaly":false,"n_trees":100,"balance_factor":0.05,"contamination":0.005,"training_duration":12960000.0,"quantiles_features":["amount"],"quantiles_values":[0.005,0.995],"rules":{"max_trx_hour":6,"max_trx_week":40,"max_trx_day":15}},"accuracy":0.9902113931838268,"f1_score":0.5460286194310874,"recall":0.5872640039877874,"precision":0.5102040816326531,"confusion_matrix":[[1575948,9048],[6624,9425]]}