{"parameters":{"use_anomaly":true,"n_trees":200,"balance_factor":0.05,"contamination":0.001,"training_duration":12960000.0,"quantiles_features":["amount"],"quantiles_values":[0.01,0.99],"rules":{"max_trx_hour":10,"max_trx_week":100,"max_trx_day":20}},"accuracy":0.9889297302699175,"f1_score":0.5168729215504552,"recall":0.5907533179637361,"precision":0.4594175510006299,"confusion_matrix":[[1573840,11156],[6568,9481]]}