{"parameters":{"use_anomaly":true,"n_trees":100,"balance_factor":0.05,"contamination":0.005,"training_duration":12960000.0,"quantiles_features":["amount"],"quantiles_values":[0.01,0.99],"rules":{"max_trx_hour":6,"max_trx_week":40,"max_trx_day":15}},"accuracy":0.984464521609324,"f1_score":0.42958376332989334,"recall":0.583587762477413,"precision":0.3398896791987226,"confusion_matrix":[[1566806,18190],[6683,9366]]}