{"parameters":{"use_anomaly":false,"n_trees":200,"balance_factor":0.1,"contamination":0.005,"training_duration":12960000.0,"quantiles_features":["amount"],"quantiles_values":[0.005,0.995],"rules":{"max_trx_hour":10,"max_trx_week":100,"max_trx_day":20}},"accuracy":0.9853170897757402,"f1_score":0.5015478563250074,"recall":0.736930649884728,"precision":0.38013049207726674,"confusion_matrix":[[1565710,19286],[4222,11827]]}