{"parameters":{"use_anomaly":false,"n_trees":200,"balance_factor":0.1,"contamination":0.001,"training_duration":12960000.0,"quantiles_features":["amount"],"quantiles_values":[0.01,0.99],"rules":{"max_trx_hour":6,"max_trx_week":40,"max_trx_day":15}},"accuracy":0.9852633748582956,"f1_score":0.49927843803056027,"recall":0.7329428624836438,"precision":0.37858453220044413,"confusion_matrix":[[1565688,19308],[4286,11763]]}