{"parameters":{"use_anomaly":false,"n_trees":100,"balance_factor":0.05,"contamination":0.005,"training_duration":12960000.0,"quantiles_features":["amount"],"quantiles_values":[0.005,0.995],"rules":{"max_trx_hour":5,"max_trx_week":20,"max_trx_day":10}},"accuracy":0.9900614910886327,"f1_score":0.5390765309078269,"recall":0.5797869026107546,"precision":0.503708114545553,"confusion_matrix":[[1575828,9168],[6744,9305]]}