{"parameters":{"use_anomaly":true,"n_trees":100,"balance_factor":0.1,"contamination":0.005,"training_duration":12960000.0,"quantiles_features":["amount"],"quantiles_values":[0.05,0.95],"rules":{"max_trx_hour":6,"max_trx_week":30,"max_trx_day":10}},"accuracy":0.9788756718268381,"f1_score":0.40991014568612055,"recall":0.7319459156333727,"precision":0.28466534192797943,"confusion_matrix":[[1555477,29519],[4302,11747]]}