{"parameters":{"use_anomaly":false,"n_trees":200,"balance_factor":0.05,"contamination":0.005,"training_duration":12960000.0,"quantiles_features":["amount"],"quantiles_values":[0.05,0.95],"rules":{"max_trx_hour":6,"max_trx_week":40,"max_trx_day":15}},"accuracy":0.9902557392203217,"f1_score":0.5465221056303229,"recall":0.5857685837123808,"precision":0.5122044241037376,"confusion_matrix":[[1576043,8953],[6648,9401]]}