{"parameters":{"use_anomaly":false,"n_trees":100,"balance_factor":0.05,"contamination":0.001,"training_duration":12960000.0,"quantiles_features":["amount"],"quantiles_values":[0.05,0.95],"rules":{"max_trx_hour":6,"max_trx_week":40,"max_trx_day":15}},"accuracy":0.9900358828140371,"f1_score":0.539449753168394,"recall":0.5821546513801483,"precision":0.5025820333512642,"confusion_matrix":[[1575749,9247],[6706,9343]]}