{"parameters":{"use_anomaly":false,"n_trees":100,"balance_factor":0.1,"contamination":0.001,"training_duration":12960000.0,"quantiles_features":["amount"],"quantiles_values":[0.05,0.95],"rules":{"max_trx_hour":6,"max_trx_week":30,"max_trx_day":10}},"accuracy":0.9850210331377319,"f1_score":0.4961341289183965,"recall":0.7356844663218892,"precision":0.37426696674802673,"confusion_matrix":[[1565256,19740],[4242,11807]]}