{"parameters":{"use_anomaly":true,"n_trees":200,"balance_factor":0.05,"contamination":0.005,"training_duration":12960000.0,"quantiles_features":["amount"],"quantiles_values":[0.01,0.99],"rules":{"max_trx_hour":6,"max_trx_week":30,"max_trx_day":10}},"accuracy":0.9838861493587001,"f1_score":0.4253992293815007,"recall":0.59505265125553,"precision":0.3310225303292894,"confusion_matrix":[[1565696,19300],[6499,9550]]}