{"parameters":{"use_anomaly":false,"n_trees":200,"balance_factor":0.05,"contamination":0.005,"training_duration":12960000.0,"quantiles_features":["amount"],"quantiles_values":[0.05,0.95],"rules":{"max_trx_hour":6,"max_trx_week":30,"max_trx_day":10}},"accuracy":0.9901832865409779,"f1_score":0.5437338520045287,"recall":0.583525453299271,"precision":0.5090227198608545,"confusion_matrix":[[1575963,9033],[6684,9365]]}