{"parameters":{"use_anomaly":true,"n_trees":200,"balance_factor":0.1,"contamination":0.005,"training_duration":12960000.0,"quantiles_features":["amount"],"quantiles_values":[0.05,0.95],"rules":{"max_trx_hour":6,"max_trx_week":30,"max_trx_day":10}},"accuracy":0.9794221898822332,"f1_score":0.41746233821345213,"recall":0.7355598479656054,"precision":0.2914311106722295,"confusion_matrix":[[1556294,28702],[4244,11805]]}