{"parameters":{"use_anomaly":true,"n_trees":200,"balance_factor":0.1,"contamination":0.001,"training_duration":12960000.0,"quantiles_features":["amount"],"quantiles_values":[0.05,0.95],"rules":{"max_trx_hour":5,"max_trx_week":20,"max_trx_day":10}},"accuracy":0.9841747108919487,"f1_score":0.48078854074878585,"recall":0.7309489687831018,"precision":0.35819847328244275,"confusion_matrix":[[1563977,21019],[4318,11731]]}