{"parameters":{"use_anomaly":false,"n_trees":100,"balance_factor":0.1,"contamination":0.005,"training_duration":12960000.0,"quantiles_features":["amount"],"quantiles_values":[0.005,0.995],"rules":{"max_trx_hour":6,"max_trx_week":30,"max_trx_day":10}},"accuracy":0.9851053530662786,"f1_score":0.4958457537895605,"recall":0.730699732070534,"precision":0.37523998464098296,"confusion_matrix":[[1565471,19525],[4322,11727]]}