{"parameters":{"use_anomaly":true,"n_trees":100,"balance_factor":0.05,"contamination":0.005,"training_duration":12960000.0,"quantiles_features":["amount"],"quantiles_values":[0.005,0.995],"rules":{"max_trx_hour":6,"max_trx_week":30,"max_trx_day":10}},"accuracy":0.9849310918806155,"f1_score":0.44212181473431067,"recall":0.5956757430369494,"precision":0.3515093576497408,"confusion_matrix":[[1567359,17637],[6489,9560]]}