{"parameters":{"use_anomaly":false,"n_trees":200,"balance_factor":0.05,"contamination":0.005,"training_duration":12960000.0,"quantiles_features":["amount"],"quantiles_values":[0.005,0.995],"rules":{"max_trx_hour":6,"max_trx_week":40,"max_trx_day":15}},"accuracy":0.9901489339774959,"f1_score":0.5440300664932062,"recall":0.5862670571375164,"precision":0.5074699315031552,"confusion_matrix":[[1575864,9132],[6640,9409]]}