{"parameters":{"use_anomaly":true,"n_trees":200,"balance_factor":0.1,"contamination":0.005,"training_duration":12960000.0,"quantiles_features":["amount"],"quantiles_values":[0.05,0.95],"rules":{"max_trx_hour":6,"max_trx_week":40,"max_trx_day":15}},"accuracy":0.9794271866187396,"f1_score":0.41776850738881427,"recall":0.7363075581033086,"precision":0.291612170865928,"confusion_matrix":[[1556290,28706],[4232,11817]]}