{"parameters":{"use_anomaly":true,"n_trees":100,"balance_factor":0.1,"contamination":0.005,"training_duration":12960000.0,"quantiles_features":["amount"],"quantiles_values":[0.05,0.95],"rules":{"max_trx_hour":5,"max_trx_week":20,"max_trx_day":10}},"accuracy":0.9793578568997123,"f1_score":0.4172999277112682,"recall":0.7373668141317216,"precision":0.2909904593292023,"confusion_matrix":[[1556162,28834],[4215,11834]]}