{"parameters":{"use_anomaly":true,"n_trees":200,"balance_factor":0.05,"contamination":0.001,"training_duration":12960000.0,"quantiles_features":["amount"],"quantiles_values":[0.05,0.95],"rules":{"max_trx_hour":5,"max_trx_week":20,"max_trx_day":10}},"accuracy":0.9887835757271032,"f1_score":0.5135706159596944,"recall":0.5906910087855941,"precision":0.45426230293737124,"confusion_matrix":[[1573607,11389],[6569,9480]]}