{"parameters":{"use_anomaly":false,"n_trees":100,"balance_factor":0.05,"contamination":0.001,"training_duration":12960000.0,"quantiles_features":["amount"],"quantiles_values":[0.005,0.995],"rules":{"max_trx_hour":5,"max_trx_week":20,"max_trx_day":10}},"accuracy":0.9900408795505435,"f1_score":0.5407413808001382,"recall":0.5848962552183937,"precision":0.502785216925549,"confusion_matrix":[[1575713,9283],[6662,9387]]}