{"parameters":{"use_anomaly":false,"n_trees":200,"balance_factor":0.05,"contamination":0.001,"training_duration":12960000.0,"quantiles_features":["amount"],"quantiles_values":[0.005,0.995],"rules":{"max_trx_hour":10,"max_trx_week":100,"max_trx_day":20}},"accuracy":0.9901464356092428,"f1_score":0.5450718034488725,"recall":0.5888840426194778,"precision":0.5073272854152129,"confusion_matrix":[[1575818,9178],[6598,9451]]}