{"parameters":{"use_anomaly":true,"n_trees":200,"balance_factor":0.1,"contamination":0.005,"training_duration":12960000.0,"quantiles_features":["amount"],"quantiles_values":[0.01,0.99],"rules":{"max_trx_hour":5,"max_trx_week":20,"max_trx_day":10}},"accuracy":0.9789325097045992,"f1_score":0.4116723644735924,"recall":0.7353106112530375,"precision":0.2858561635540053,"confusion_matrix":[[1555514,29482],[4248,11801]]}