{"parameters":{"use_anomaly":true,"n_trees":200,"balance_factor":0.1,"contamination":0.001,"training_duration":12960000.0,"quantiles_features":["amount"],"quantiles_values":[0.01,0.99],"rules":{"max_trx_hour":5,"max_trx_week":20,"max_trx_day":10}},"accuracy":0.9838680361888642,"f1_score":0.4768906712034674,"recall":0.7335659542650632,"precision":0.353278319579895,"confusion_matrix":[[1563444,21552],[4276,11773]]}