{"parameters":{"use_anomaly":false,"n_trees":200,"balance_factor":0.05,"contamination":0.005,"training_duration":12960000.0,"quantiles_features":["amount"],"quantiles_values":[0.01,0.99],"rules":{"max_trx_hour":6,"max_trx_week":40,"max_trx_day":15}},"accuracy":0.9901782898044714,"f1_score":0.5461105498628951,"recall":0.5894448252227553,"precision":0.508711550871155,"confusion_matrix":[[1575860,9136],[6589,9460]]}