{"parameters":{"use_anomaly":true,"n_trees":100,"balance_factor":0.1,"contamination":0.001,"training_duration":12960000.0,"quantiles_features":["amount"],"quantiles_values":[0.05,0.95],"rules":{"max_trx_hour":6,"max_trx_week":40,"max_trx_day":15}},"accuracy":0.9838349328095088,"f1_score":0.47501977727742956,"recall":0.729578166863979,"precision":0.3521503759398496,"confusion_matrix":[[1563455,21541],[4340,11709]]}