{"parameters":{"use_anomaly":true,"n_trees":100,"balance_factor":0.05,"contamination":0.005,"training_duration":12960000.0,"quantiles_features":["amount"],"quantiles_values":[0.05,0.95],"rules":{}},"accuracy":0.984539472656921,"f1_score":0.43277801966131213,"recall":0.5883855691943424,"precision":0.34226168901776005,"confusion_matrix":[[1566849,18147],[6606,9443]]}