{"parameters":{"use_anomaly":false,"n_trees":200,"balance_factor":0.1,"contamination":0.001,"training_duration":12960000.0,"quantiles_features":["amount"],"quantiles_values":[0.05,0.95],"rules":{"max_trx_hour":6,"max_trx_week":30,"max_trx_day":10}},"accuracy":0.985187174626572,"f1_score":0.4977339150324029,"recall":0.7321951523459406,"precision":0.3770092078667907,"confusion_matrix":[[1565578,19418],[4298,11751]]}