{"parameters":{"use_anomaly":false,"n_trees":100,"balance_factor":0.05,"contamination":0.005,"training_duration":12960000.0,"quantiles_features":["amount"],"quantiles_values":[0.05,0.95],"rules":{"max_trx_hour":10,"max_trx_week":100,"max_trx_day":20}},"accuracy":0.9901426880568629,"f1_score":0.5390501781646124,"recall":0.5749890958938252,"precision":0.5073396008576613,"confusion_matrix":[[1576035,8961],[6821,9228]]}