{"parameters":{"use_anomaly":false,"n_trees":200,"balance_factor":0.1,"contamination":0.005,"training_duration":12960000.0,"quantiles_features":["amount"],"quantiles_values":[0.005,0.995],"rules":{"max_trx_hour":6,"max_trx_week":40,"max_trx_day":15}},"accuracy":0.9853258340646266,"f1_score":0.5004465234956411,"recall":0.7332544083743535,"precision":0.3798457118879313,"confusion_matrix":[[1565783,19213],[4281,11768]]}