{"parameters":{"use_anomaly":true,"n_trees":100,"balance_factor":0.05,"contamination":0.005,"training_duration":12960000.0,"quantiles_features":["amount"],"quantiles_values":[0.05,0.95],"rules":{"max_trx_hour":5,"max_trx_week":20,"max_trx_day":10}},"accuracy":0.9843183670665097,"f1_score":0.43154391287612925,"recall":0.5938064676926912,"precision":0.33892880005690307,"confusion_matrix":[[1566408,18588],[6519,9530]]}