{"parameters":{"use_anomaly":false,"n_trees":200,"balance_factor":0.05,"contamination":0.001,"training_duration":12960000.0,"quantiles_features":["amount"],"quantiles_values":[0.05,0.95],"rules":{"max_trx_hour":6,"max_trx_week":40,"max_trx_day":15}},"accuracy":0.9902170145123966,"f1_score":0.5479262273789939,"recall":0.5914387189232974,"precision":0.5103774599419293,"confusion_matrix":[[1575890,9106],[6557,9492]]}