{"parameters":{"use_anomaly":false,"n_trees":100,"balance_factor":0.05,"contamination":0.005,"training_duration":12960000.0,"quantiles_features":["amount"],"quantiles_values":[0.01,0.99],"rules":{"max_trx_hour":10,"max_trx_week":100,"max_trx_day":20}},"accuracy":0.9900527467997464,"f1_score":0.5393115417992479,"recall":0.5808461586391676,"precision":0.5033205550456239,"confusion_matrix":[[1575797,9199],[6727,9322]]}