{"parameters":{"use_anomaly":false,"n_trees":100,"balance_factor":0.1,"contamination":0.005,"training_duration":12960000.0,"quantiles_features":["amount"],"quantiles_values":[0.005,0.995],"rules":{"max_trx_hour":10,"max_trx_week":100,"max_trx_day":20}},"accuracy":0.9853164651836769,"f1_score":0.4998191527839833,"recall":0.7318836064552309,"precision":0.3794908245024554,"confusion_matrix":[[1565790,19206],[4303,11746]]}