{"parameters":{"use_anomaly":true,"n_trees":100,"balance_factor":0.1,"contamination":0.001,"training_duration":12960000.0,"quantiles_features":["amount"],"quantiles_values":[0.01,0.99],"rules":{"max_trx_hour":6,"max_trx_week":40,"max_trx_day":15}},"accuracy":0.9842877620554076,"f1_score":0.48024793388429754,"recall":0.7241572683656302,"precision":0.3592470093660165,"confusion_matrix":[[1564267,20729],[4427,11622]]}