{"parameters":{"use_anomaly":false,"n_trees":100,"balance_factor":0.1,"contamination":0.001,"training_duration":12960000.0,"quantiles_features":["amount"],"quantiles_values":[0.005,0.995],"rules":{"max_trx_hour":6,"max_trx_week":30,"max_trx_day":10}},"accuracy":0.9852977274217777,"f1_score":0.49830559048573075,"recall":0.7283942924792822,"precision":0.3786848072562358,"confusion_matrix":[[1565816,19180],[4359,11690]]}