{"parameters":{"use_anomaly":true,"n_trees":100,"balance_factor":0.05,"contamination":0.001,"training_duration":12960000.0,"quantiles_features":["amount"],"quantiles_values":[0.01,0.99],"rules":{"max_trx_hour":5,"max_trx_week":20,"max_trx_day":10}},"accuracy":0.9888604005508902,"f1_score":0.5149182691000082,"recall":0.589818680291607,"precision":0.45689738391736656,"confusion_matrix":[[1573744,11252],[6583,9466]]}