{"parameters":{"use_anomaly":false,"n_trees":100,"balance_factor":0.05,"contamination":0.001,"training_duration":12960000.0,"quantiles_features":["amount"],"quantiles_values":[0.005,0.995],"rules":{"max_trx_hour":6,"max_trx_week":40,"max_trx_day":15}},"accuracy":0.9899846662648458,"f1_score":0.5404522397042387,"recall":0.5875132407003552,"precision":0.50037147102526,"confusion_matrix":[[1575581,9415],[6620,9429]]}