{"parameters":{"use_anomaly":true,"n_trees":200,"balance_factor":0.1,"contamination":0.005,"training_duration":12960000.0,"quantiles_features":["amount"],"quantiles_values":[0.005,0.995],"rules":{"max_trx_hour":6,"max_trx_week":30,"max_trx_day":10}},"accuracy":0.9798581551424226,"f1_score":0.4212698754531424,"recall":0.7313228238519534,"precision":0.29584352078239606,"confusion_matrix":[[1557060,27936],[4312,11737]]}