{"parameters":{"use_anomaly":true,"n_trees":200,"balance_factor":0.1,"contamination":0.001,"training_duration":12960000.0,"quantiles_features":["amount"],"quantiles_values":[0.01,0.99],"rules":{"max_trx_hour":10,"max_trx_week":100,"max_trx_day":20}},"accuracy":0.9843171178823831,"f1_score":0.48385306390938804,"recall":0.7333167175524955,"precision":0.36103441928952695,"confusion_matrix":[[1564167,20829],[4280,11769]]}