{"parameters":{"use_anomaly":true,"n_trees":100,"balance_factor":0.1,"contamination":0.005,"training_duration":12960000.0,"quantiles_features":["amount"],"quantiles_values":[0.01,0.99],"rules":{"max_trx_hour":10,"max_trx_week":100,"max_trx_day":20}},"accuracy":0.9793028927981412,"f1_score":0.4164891088062829,"recall":0.7368683407065861,"precision":0.290279823269514,"confusion_matrix":[[1556082,28914],[4223,11826]]}