{"parameters":{"use_anomaly":false,"n_trees":200,"balance_factor":0.05,"contamination":0.005,"training_duration":12960000.0,"quantiles_features":["amount"],"quantiles_values":[0.01,0.99],"rules":{"max_trx_hour":10,"max_trx_week":100,"max_trx_day":20}},"accuracy":0.990122701110837,"f1_score":0.543765506895159,"recall":0.5872016948096455,"precision":0.5063127921345296,"confusion_matrix":[[1575807,9189],[6625,9424]]}