{"parameters":{"use_anomaly":true,"n_trees":100,"balance_factor":0.1,"contamination":0.005,"training_duration":12960000.0,"quantiles_features":["amount"],"quantiles_values":[0.01,0.99],"rules":{"max_trx_hour":6,"max_trx_week":30,"max_trx_day":10}},"accuracy":0.9802341595645344,"f1_score":0.425558177527682,"recall":0.7303881861798243,"precision":0.3002484567505955,"confusion_matrix":[[1557677,27319],[4327,11722]]}