{"parameters":{"use_anomaly":false,"n_trees":100,"balance_factor":0.1,"contamination":0.001,"training_duration":12960000.0,"quantiles_features":["amount"],"quantiles_values":[0.01,0.99],"rules":{"max_trx_hour":10,"max_trx_week":100,"max_trx_day":20}},"accuracy":0.9851603171678498,"f1_score":0.4955305008811602,"recall":0.7270857997383015,"precision":0.3758374130378768,"confusion_matrix":[[1565617,19379],[4380,11669]]}