{"parameters":{"use_anomaly":true,"n_trees":100,"balance_factor":0.1,"contamination":0.005,"training_duration":12960000.0,"quantiles_features":["amount"],"quantiles_values":[0.005,0.995],"rules":{}},"accuracy":0.9798287993154471,"f1_score":0.41899793109651884,"recall":0.7255903794628948,"precision":0.29454168352893567,"confusion_matrix":[[1557105,27891],[4404,11645]]}