{"parameters":{"use_anomaly":false,"n_trees":100,"balance_factor":0.1,"contamination":0.001,"training_duration":12960000.0,"quantiles_features":["amount"],"quantiles_values":[0.01,0.99],"rules":{"max_trx_hour":6,"max_trx_week":30,"max_trx_day":10}},"accuracy":0.9852508830170295,"f1_score":0.49633137104342634,"recall":0.7249672876814754,"precision":0.377330955083509,"confusion_matrix":[[1565796,19200],[4414,11635]]}