{"parameters":{"use_anomaly":false,"n_trees":200,"balance_factor":0.05,"contamination":0.001,"training_duration":12960000.0,"quantiles_features":["amount"],"quantiles_values":[0.005,0.995],"rules":{}},"accuracy":0.9901595520425722,"f1_score":0.5460831484629347,"recall":0.5905040812511683,"precision":0.5078778135048232,"confusion_matrix":[[1575813,9183],[6572,9477]]}