{"parameters":{"use_anomaly":true,"n_trees":100,"balance_factor":0.05,"contamination":0.005,"training_duration":12960000.0,"quantiles_features":["amount"],"quantiles_values":[0.01,0.99],"rules":{"max_trx_hour":5,"max_trx_week":20,"max_trx_day":10}},"accuracy":0.9832528130065051,"f1_score":0.41182793340206636,"recall":0.5848962552183937,"precision":0.317794028031688,"confusion_matrix":[[1564845,20151],[6662,9387]]}