{"parameters":{"use_anomaly":false,"n_trees":100,"balance_factor":0.05,"contamination":0.005,"training_duration":12960000.0,"quantiles_features":["amount"],"quantiles_values":[0.05,0.95],"rules":{"max_trx_hour":5,"max_trx_week":20,"max_trx_day":10}},"accuracy":0.9900564943521263,"f1_score":0.5442052221713238,"recall":0.5921864290610007,"precision":0.5034164945177181,"confusion_matrix":[[1575621,9375],[6545,9504]]}