{"parameters":{"use_anomaly":true,"n_trees":200,"balance_factor":0.1,"contamination":0.005,"training_duration":12960000.0,"quantiles_features":["amount"],"quantiles_values":[0.005,0.995],"rules":{"max_trx_hour":10,"max_trx_week":100,"max_trx_day":20}},"accuracy":0.9794059504885871,"f1_score":0.41731170254126465,"recall":0.7356844663218892,"precision":0.29126477045661986,"confusion_matrix":[[1556266,28730],[4242,11807]]}