{"parameters":{"use_anomaly":true,"n_trees":200,"balance_factor":0.05,"contamination":0.001,"training_duration":12960000.0,"quantiles_features":["amount"],"quantiles_values":[0.05,0.95],"rules":{"max_trx_hour":6,"max_trx_week":40,"max_trx_day":15}},"accuracy":0.9889128662842082,"f1_score":0.5158862192161889,"recall":0.5893202068664715,"precision":0.4587253855854108,"confusion_matrix":[[1573836,11160],[6591,9458]]}