{"parameters":{"use_anomaly":true,"n_trees":200,"balance_factor":0.05,"contamination":0.005,"training_duration":12960000.0,"quantiles_features":["amount"],"quantiles_values":[0.005,0.995],"rules":{"max_trx_hour":6,"max_trx_week":40,"max_trx_day":15}},"accuracy":0.9850391463075678,"f1_score":0.44587873319915794,"recall":0.6004735497538788,"precision":0.3545882699242034,"confusion_matrix":[[1567455,17541],[6412,9637]]}