{"parameters":{"use_anomaly":false,"n_trees":100,"balance_factor":0.05,"contamination":0.005,"training_duration":12960000.0,"quantiles_features":["amount"],"quantiles_values":[0.005,0.995],"rules":{}},"accuracy":0.9900945944679881,"f1_score":0.5415546497846385,"recall":0.5836500716555548,"precision":0.5051229508196722,"confusion_matrix":[[1575819,9177],[6682,9367]]}