{"parameters":{"use_anomaly":true,"n_trees":200,"balance_factor":0.05,"contamination":0.001,"training_duration":12960000.0,"quantiles_features":["amount"],"quantiles_values":[0.05,0.95],"rules":{"max_trx_hour":10,"max_trx_week":100,"max_trx_day":20}},"accuracy":0.9891333472825561,"f1_score":0.519126589275843,"recall":0.5851454919309614,"precision":0.466494461278625,"confusion_matrix":[[1574256,10740],[6658,9391]]}