{"parameters":{"use_anomaly":false,"n_trees":100,"balance_factor":0.1,"contamination":0.001,"training_duration":12960000.0,"quantiles_features":["amount"],"quantiles_values":[0.05,0.95],"rules":{"max_trx_hour":6,"max_trx_week":40,"max_trx_day":15}},"accuracy":0.9853258340646266,"f1_score":0.4994033921418222,"recall":0.7302012586453984,"precision":0.37946443026908006,"confusion_matrix":[[1565832,19164],[4330,11719]]}