{"parameters":{"use_anomaly":false,"n_trees":200,"balance_factor":0.1,"contamination":0.005,"training_duration":12960000.0,"quantiles_features":["amount"],"quantiles_values":[0.05,0.95],"rules":{"max_trx_hour":10,"max_trx_week":100,"max_trx_day":20}},"accuracy":0.98532271110431,"f1_score":0.5000957304231285,"recall":0.7323820798803664,"precision":0.37967568964403386,"confusion_matrix":[[1565792,19204],[4295,11754]]}