{"parameters":{"use_anomaly":false,"n_trees":100,"balance_factor":0.1,"contamination":0.001,"training_duration":12960000.0,"quantiles_features":["amount"],"quantiles_values":[0.005,0.995],"rules":{"max_trx_hour":10,"max_trx_week":100,"max_trx_day":20}},"accuracy":0.9852115337170411,"f1_score":0.4968442527147927,"recall":0.7283942924792822,"precision":0.37699948400412797,"confusion_matrix":[[1565678,19318],[4359,11690]]}