{"parameters":{"use_anomaly":true,"n_trees":100,"balance_factor":0.05,"contamination":0.005,"training_duration":12960000.0,"quantiles_features":["amount"],"quantiles_values":[0.05,0.95],"rules":{"max_trx_hour":6,"max_trx_week":30,"max_trx_day":10}},"accuracy":0.983912382225359,"f1_score":0.4229933466251484,"recall":0.5882609508380584,"precision":0.33022035676810074,"confusion_matrix":[[1565847,19149],[6608,9441]]}