{"parameters":{"use_anomaly":false,"n_trees":100,"balance_factor":0.1,"contamination":0.005,"training_duration":12960000.0,"quantiles_features":["amount"],"quantiles_values":[0.05,0.95],"rules":{"max_trx_hour":6,"max_trx_week":30,"max_trx_day":10}},"accuracy":0.9851472007345202,"f1_score":0.49567356633864945,"recall":0.7281450557667144,"precision":0.3757193839822525,"confusion_matrix":[[1565579,19417],[4363,11686]]}