{"parameters":{"use_anomaly":false,"n_trees":200,"balance_factor":0.05,"contamination":0.005,"training_duration":12960000.0,"quantiles_features":["amount"],"quantiles_values":[0.005,0.995],"rules":{"max_trx_hour":6,"max_trx_week":30,"max_trx_day":10}},"accuracy":0.9902426227869923,"f1_score":0.5455021529151635,"recall":0.5841485450806904,"precision":0.5116520220487911,"confusion_matrix":[[1576048,8948],[6674,9375]]}