{"parameters":{"use_anomaly":true,"n_trees":200,"balance_factor":0.05,"contamination":0.005,"training_duration":12960000.0,"quantiles_features":["amount"],"quantiles_values":[0.01,0.99],"rules":{"max_trx_hour":5,"max_trx_week":20,"max_trx_day":10}},"accuracy":0.9837656030904816,"f1_score":0.4239106343366284,"recall":0.5958626705713752,"precision":0.32897588496336305,"confusion_matrix":[[1565490,19506],[6486,9563]]}