{"parameters":{"use_anomaly":false,"n_trees":100,"balance_factor":0.05,"contamination":0.005,"training_duration":12960000.0,"quantiles_features":["amount"],"quantiles_values":[0.005,0.995],"rules":{"max_trx_hour":6,"max_trx_week":30,"max_trx_day":10}},"accuracy":0.99004775006324,"f1_score":0.540886302080332,"recall":0.5848339460402517,"precision":0.503081953154312,"confusion_matrix":[[1575725,9271],[6663,9386]]}