{"parameters":{"use_anomaly":false,"n_trees":100,"balance_factor":0.05,"contamination":0.001,"training_duration":12960000.0,"quantiles_features":["amount"],"quantiles_values":[0.005,0.995],"rules":{}},"accuracy":0.9902370014584224,"f1_score":0.543046744818312,"recall":0.5787276465823415,"precision":0.5115100782024452,"confusion_matrix":[[1576126,8870],[6761,9288]]}