{"parameters":{"use_anomaly":true,"n_trees":200,"balance_factor":0.1,"contamination":0.005,"training_duration":12960000.0,"quantiles_features":["amount"],"quantiles_values":[0.01,0.99],"rules":{"max_trx_hour":10,"max_trx_week":100,"max_trx_day":20}},"accuracy":0.9791661071362766,"f1_score":0.4121462056325121,"recall":0.7285812200137081,"precision":0.2873467181087656,"confusion_matrix":[[1555996,29000],[4356,11693]]}