{"parameters":{"use_anomaly":false,"n_trees":200,"balance_factor":0.1,"contamination":0.005,"training_duration":12960000.0,"quantiles_features":["amount"],"quantiles_values":[0.01,0.99],"rules":{"max_trx_hour":5,"max_trx_week":20,"max_trx_day":10}},"accuracy":0.9851740581932426,"f1_score":0.4971081121162687,"recall":0.7310112779612437,"precision":0.3766050333846944,"confusion_matrix":[[1565576,19420],[4317,11732]]}