{"parameters":{"use_anomaly":false,"n_trees":200,"balance_factor":0.1,"contamination":0.001,"training_duration":12960000.0,"quantiles_features":["amount"],"quantiles_values":[0.01,0.99],"rules":{"max_trx_hour":10,"max_trx_week":100,"max_trx_day":20}},"accuracy":0.9853920408233373,"f1_score":0.5010240655401945,"recall":0.731634369742663,"precision":0.3809492911137787,"confusion_matrix":[[1565915,19081],[4307,11742]]}