{"parameters":{"use_anomaly":true,"n_trees":200,"balance_factor":0.05,"contamination":0.005,"training_duration":12960000.0,"quantiles_features":["amount"],"quantiles_values":[0.05,0.95],"rules":{"max_trx_hour":6,"max_trx_week":40,"max_trx_day":15}},"accuracy":0.9836781602016184,"f1_score":0.42440528634361235,"recall":0.600286622219453,"precision":0.32823413171612553,"confusion_matrix":[[1565279,19717],[6415,9634]]}