{"parameters":{"use_anomaly":false,"n_trees":100,"balance_factor":0.1,"contamination":0.005,"training_duration":12960000.0,"quantiles_features":["amount"],"quantiles_values":[0.01,0.99],"rules":{"max_trx_hour":6,"max_trx_week":40,"max_trx_day":15}},"accuracy":0.9852633748582956,"f1_score":0.49652170201869317,"recall":0.7249049785033336,"precision":0.377567909648525,"confusion_matrix":[[1565817,19179],[4415,11634]]}