{"parameters":{"use_anomaly":true,"n_trees":100,"balance_factor":0.1,"contamination":0.001,"training_duration":12960000.0,"quantiles_features":["amount"],"quantiles_values":[0.05,0.95],"rules":{"max_trx_hour":10,"max_trx_week":100,"max_trx_day":20}},"accuracy":0.983814945863483,"f1_score":0.4753285144465367,"recall":0.7313851330300953,"precision":0.35206958608278344,"confusion_matrix":[[1563394,21602],[4311,11738]]}