{"parameters":{"use_anomaly":true,"n_trees":100,"balance_factor":0.05,"contamination":0.001,"training_duration":12960000.0,"quantiles_features":["amount"],"quantiles_values":[0.01,0.99],"rules":{"max_trx_hour":6,"max_trx_week":30,"max_trx_day":10}},"accuracy":0.9888722678000931,"f1_score":0.5110598825402053,"recall":0.5801607576796062,"precision":0.45666781107459903,"confusion_matrix":[[1573918,11078],[6738,9311]]}