{"parameters":{"use_anomaly":true,"n_trees":100,"balance_factor":0.05,"contamination":0.001,"training_duration":12960000.0,"quantiles_features":["amount"],"quantiles_values":[0.005,0.995],"rules":{"max_trx_hour":10,"max_trx_week":100,"max_trx_day":20}},"accuracy":0.988594948923984,"f1_score":0.5077901773680522,"recall":0.5868901489189358,"precision":0.44747969024656753,"confusion_matrix":[[1573366,11630],[6630,9419]]}