{"parameters":{"use_anomaly":true,"n_trees":100,"balance_factor":0.1,"contamination":0.005,"training_duration":12960000.0,"quantiles_features":["amount"],"quantiles_values":[0.005,0.995],"rules":{"max_trx_hour":5,"max_trx_week":20,"max_trx_day":10}},"accuracy":0.9798775174963852,"f1_score":0.4235744574260614,"recall":0.7375537416661474,"precision":0.2970985392299583,"confusion_matrix":[[1556991,28005],[4212,11837]]}