{"parameters":{"use_anomaly":true,"n_trees":100,"balance_factor":0.05,"contamination":0.005,"training_duration":12960000.0,"quantiles_features":["amount"],"quantiles_values":[0.01,0.99],"rules":{"max_trx_hour":6,"max_trx_week":30,"max_trx_day":10}},"accuracy":0.9835163908572214,"f1_score":0.4168379184620484,"recall":0.587700168234781,"precision":0.32294733958775595,"confusion_matrix":[[1565222,19774],[6617,9432]]}