{"parameters":{"use_anomaly":false,"n_trees":200,"balance_factor":0.05,"contamination":0.001,"training_duration":12960000.0,"quantiles_features":["amount"],"quantiles_values":[0.01,0.99],"rules":{"max_trx_hour":6,"max_trx_week":40,"max_trx_day":15}},"accuracy":0.9901401896886096,"f1_score":0.5451506944044258,"recall":0.5894448252227553,"precision":0.5070482928659484,"confusion_matrix":[[1575799,9197],[6589,9460]]}