{"parameters":{"use_anomaly":true,"n_trees":200,"balance_factor":0.05,"contamination":0.005,"training_duration":12960000.0,"quantiles_features":["amount"],"quantiles_values":[0.05,0.95],"rules":{}},"accuracy":0.9840754007538827,"f1_score":0.42661809022624025,"recall":0.5910025546763038,"precision":0.33377907590526795,"confusion_matrix":[[1566064,18932],[6564,9485]]}