{"parameters":{"use_anomaly":false,"n_trees":100,"balance_factor":0.1,"contamination":0.005,"training_duration":12960000.0,"quantiles_features":["amount"],"quantiles_values":[0.005,0.995],"rules":{"max_trx_hour":5,"max_trx_week":20,"max_trx_day":10}},"accuracy":0.9853027241582841,"f1_score":0.4976195051132603,"recall":0.7261511620661724,"precision":0.37849951282884053,"confusion_matrix":[[1565860,19136],[4395,11654]]}