{"parameters":{"use_anomaly":true,"n_trees":200,"balance_factor":0.1,"contamination":0.005,"training_duration":12960000.0,"quantiles_features":["amount"],"quantiles_values":[0.01,0.99],"rules":{"max_trx_hour":6,"max_trx_week":40,"max_trx_day":15}},"accuracy":0.9795752149377438,"f1_score":0.41865922383602067,"recall":0.7336905726213471,"precision":0.29289587582707327,"confusion_matrix":[[1556569,28427],[4274,11775]]}