{"parameters":{"use_anomaly":false,"n_trees":200,"balance_factor":0.05,"contamination":0.001,"training_duration":12960000.0,"quantiles_features":["amount"],"quantiles_values":[0.005,0.995],"rules":{"max_trx_hour":5,"max_trx_week":20,"max_trx_day":10}},"accuracy":0.9902188882885865,"f1_score":0.5453489722448032,"recall":0.5852078011091034,"precision":0.5105735254145148,"confusion_matrix":[[1575993,9003],[6657,9392]]}