{"parameters":{"use_anomaly":true,"n_trees":100,"balance_factor":0.05,"contamination":0.001,"training_duration":12960000.0,"quantiles_features":["amount"],"quantiles_values":[0.01,0.99],"rules":{"max_trx_hour":6,"max_trx_week":40,"max_trx_day":15}},"accuracy":0.9890908750222511,"f1_score":0.5203229704493024,"recall":0.5902548445386006,"precision":0.46520650198890146,"confusion_matrix":[[1574106,10890],[6576,9473]]}