{"parameters":{"use_anomaly":true,"n_trees":200,"balance_factor":0.1,"contamination":0.001,"training_duration":12960000.0,"quantiles_features":["amount"],"quantiles_values":[0.05,0.95],"rules":{"max_trx_hour":6,"max_trx_week":40,"max_trx_day":15}},"accuracy":0.9842933833839773,"f1_score":0.4838146848122832,"recall":0.7343136644027666,"precision":0.36075058160891393,"confusion_matrix":[[1564113,20883],[4264,11785]]}