{"parameters":{"use_anomaly":false,"n_trees":200,"balance_factor":0.1,"contamination":0.001,"training_duration":12960000.0,"quantiles_features":["amount"],"quantiles_values":[0.05,0.95],"rules":{"max_trx_hour":10,"max_trx_week":100,"max_trx_day":20}},"accuracy":0.9852252747424338,"f1_score":0.4993332910026033,"recall":0.7349990653623278,"precision":0.37810116033079044,"confusion_matrix":[[1565594,19402],[4253,11796]]}