{"parameters":{"use_anomaly":false,"n_trees":200,"balance_factor":0.05,"contamination":0.001,"training_duration":12960000.0,"quantiles_features":["amount"],"quantiles_values":[0.01,0.99],"rules":{"max_trx_hour":5,"max_trx_week":20,"max_trx_day":10}},"accuracy":0.9901845357251046,"f1_score":0.5430490535314472,"recall":0.5818431054894386,"precision":0.5091047868280449,"confusion_matrix":[[1575992,9004],[6711,9338]]}