{"parameters":{"use_anomaly":true,"n_trees":100,"balance_factor":0.1,"contamination":0.001,"training_duration":12960000.0,"quantiles_features":["amount"],"quantiles_values":[0.01,0.99],"rules":{"max_trx_hour":6,"max_trx_week":30,"max_trx_day":10}},"accuracy":0.9838261885206224,"f1_score":0.4739889089764163,"recall":0.7269611813820176,"precision":0.35162748643761305,"confusion_matrix":[[1563483,21513],[4382,11667]]}