{"parameters":{"use_anomaly":false,"n_trees":100,"balance_factor":0.1,"contamination":0.005,"training_duration":12960000.0,"quantiles_features":["amount"],"quantiles_values":[0.01,0.99],"rules":{"max_trx_hour":10,"max_trx_week":100,"max_trx_day":20}},"accuracy":0.9850884890805692,"f1_score":0.4931640625,"recall":0.7237211041186367,"precision":0.37401384640154567,"confusion_matrix":[[1565556,19440],[4434,11615]]}