{"parameters":{"use_anomaly":true,"n_trees":200,"balance_factor":0.05,"contamination":0.001,"training_duration":12960000.0,"quantiles_features":["amount"],"quantiles_values":[0.05,0.95],"rules":{"max_trx_hour":6,"max_trx_week":30,"max_trx_day":10}},"accuracy":0.9888204266588384,"f1_score":0.5160993808970235,"recall":0.5947411053648203,"precision":0.4558261700095511,"confusion_matrix":[[1573601,11395],[6504,9545]]}