{"parameters":{"use_anomaly":true,"n_trees":100,"balance_factor":0.1,"contamination":0.001,"training_duration":12960000.0,"quantiles_features":["amount"],"quantiles_values":[0.01,0.99],"rules":{"max_trx_hour":10,"max_trx_week":100,"max_trx_day":20}},"accuracy":0.9842559078601788,"f1_score":0.4814121422840332,"recall":0.7290173842607016,"precision":0.35935868296578416,"confusion_matrix":[[1564138,20858],[4349,11700]]}