{"parameters":{"use_anomaly":false,"n_trees":200,"balance_factor":0.1,"contamination":0.005,"training_duration":12960000.0,"quantiles_features":["amount"],"quantiles_values":[0.01,0.99],"rules":{}},"accuracy":0.9852209025979907,"f1_score":0.49800577053632045,"recall":0.7313228238519534,"precision":0.3775533181072474,"confusion_matrix":[[1565646,19350],[4312,11737]]}