{"parameters":{"use_anomaly":false,"n_trees":200,"balance_factor":0.05,"contamination":0.001,"training_duration":12960000.0,"quantiles_features":["amount"],"quantiles_values":[0.01,0.99],"rules":{"max_trx_hour":10,"max_trx_week":100,"max_trx_day":20}},"accuracy":0.9901539307140024,"f1_score":0.5436544696618805,"recall":0.5850831827528195,"precision":0.5077047850770479,"confusion_matrix":[[1575891,9105],[6659,9390]]}