{"parameters":{"use_anomaly":true,"n_trees":100,"balance_factor":0.05,"contamination":0.001,"training_duration":12960000.0,"quantiles_features":["amount"],"quantiles_values":[0.05,0.95],"rules":{"max_trx_hour":10,"max_trx_week":100,"max_trx_day":20}},"accuracy":0.989076509404795,"f1_score":0.5167316035259333,"recall":0.5825908156271419,"precision":0.4642502482621648,"confusion_matrix":[[1574206,10790],[6699,9350]]}