{"parameters":{"use_anomaly":true,"n_trees":100,"balance_factor":0.1,"contamination":0.001,"training_duration":12960000.0,"quantiles_features":["amount"],"quantiles_values":[0.05,0.95],"rules":{"max_trx_hour":6,"max_trx_week":30,"max_trx_day":10}},"accuracy":0.9838905215031433,"f1_score":0.476644616695751,"recall":0.7318212972770889,"precision":0.3534137754641471,"confusion_matrix":[[1563508,21488],[4304,11745]]}