{"parameters":{"use_anomaly":true,"n_trees":200,"balance_factor":0.05,"contamination":0.005,"training_duration":12960000.0,"quantiles_features":["amount"],"quantiles_values":[0.005,0.995],"rules":{"max_trx_hour":10,"max_trx_week":100,"max_trx_day":20}},"accuracy":0.9848904933965004,"f1_score":0.44078688827758383,"recall":0.5940557044052589,"precision":0.3503858875413451,"confusion_matrix":[[1567320,17676],[6515,9534]]}