{"parameters":{"use_anomaly":true,"n_trees":200,"balance_factor":0.1,"contamination":0.005,"training_duration":12960000.0,"quantiles_features":["amount"],"quantiles_values":[0.05,0.95],"rules":{"max_trx_hour":5,"max_trx_week":20,"max_trx_day":10}},"accuracy":0.979553354215528,"f1_score":0.41961563009715624,"recall":0.7373668141317216,"precision":0.2932474290670301,"confusion_matrix":[[1556475,28521],[4215,11834]]}