{"parameters":{"use_anomaly":false,"n_trees":200,"balance_factor":0.1,"contamination":0.001,"training_duration":12960000.0,"quantiles_features":["amount"],"quantiles_values":[0.05,0.95],"rules":{"max_trx_hour":5,"max_trx_week":20,"max_trx_day":10}},"accuracy":0.9851877992186353,"f1_score":0.49797836533372847,"recall":0.732880553305502,"precision":0.3771080474511061,"confusion_matrix":[[1565568,19428],[4287,11762]]}