{"parameters":{"use_anomaly":false,"n_trees":200,"balance_factor":0.05,"contamination":0.001,"training_duration":12960000.0,"quantiles_features":["amount"],"quantiles_values":[0.01,0.99],"rules":{}},"accuracy":0.9901608012266988,"f1_score":0.5449871465295629,"recall":0.5878247865910649,"precision":0.5079689855696747,"confusion_matrix":[[1575858,9138],[6615,9434]]}