{"parameters":{"use_anomaly":true,"n_trees":100,"balance_factor":0.1,"contamination":0.005,"training_duration":12960000.0,"quantiles_features":["amount"],"quantiles_values":[0.005,0.995],"rules":{"max_trx_hour":10,"max_trx_week":100,"max_trx_day":20}},"accuracy":0.97967077752343,"f1_score":0.4165979566230507,"recall":0.7240949591874883,"precision":0.2924184091995672,"confusion_matrix":[[1556876,28120],[4428,11621]]}