{"parameters":{"use_anomaly":false,"n_trees":200,"balance_factor":0.1,"contamination":0.005,"training_duration":12960000.0,"quantiles_features":["amount"],"quantiles_values":[0.005,0.995],"rules":{"max_trx_hour":5,"max_trx_week":20,"max_trx_day":10}},"accuracy":0.9852490092408396,"f1_score":0.49994706642105485,"recall":0.7356221571437472,"precision":0.3786401539448364,"confusion_matrix":[[1565622,19374],[4243,11806]]}