{"parameters":{"use_anomaly":true,"n_trees":100,"balance_factor":0.1,"contamination":0.001,"training_duration":12960000.0,"quantiles_features":["amount"],"quantiles_values":[0.005,0.995],"rules":{"max_trx_hour":6,"max_trx_week":40,"max_trx_day":15}},"accuracy":0.9841884519173415,"f1_score":0.47974680942888265,"recall":0.7272727272727273,"precision":0.35792701625268325,"confusion_matrix":[[1564058,20938],[4377,11672]]}