{"parameters":{"use_anomaly":false,"n_trees":200,"balance_factor":0.1,"contamination":0.005,"training_duration":12960000.0,"quantiles_features":["amount"],"quantiles_values":[0.005,0.995],"rules":{"max_trx_hour":6,"max_trx_week":30,"max_trx_day":10}},"accuracy":0.9853070963027273,"f1_score":0.5002761609380975,"recall":0.7336905726213471,"precision":0.37953263497179696,"confusion_matrix":[[1565746,19250],[4274,11775]]}