{"parameters":{"use_anomaly":false,"n_trees":200,"balance_factor":0.05,"contamination":0.001,"training_duration":12960000.0,"quantiles_features":["amount"],"quantiles_values":[0.05,0.95],"rules":{"max_trx_hour":5,"max_trx_week":20,"max_trx_day":10}},"accuracy":0.990173293067965,"f1_score":0.5460106766700332,"recall":0.5895071344008973,"precision":0.5084918843383854,"confusion_matrix":[[1575851,9145],[6588,9461]]}