{"parameters":{"use_anomaly":true,"n_trees":200,"balance_factor":0.1,"contamination":0.005,"training_duration":12960000.0,"quantiles_features":["amount"],"quantiles_values":[0.005,0.995],"rules":{"max_trx_hour":5,"max_trx_week":20,"max_trx_day":10}},"accuracy":0.9796151888297956,"f1_score":0.41913609909765603,"recall":0.7336905726213471,"precision":0.29336289800189347,"confusion_matrix":[[1556633,28363],[4274,11775]]}