{"parameters":{"use_anomaly":true,"n_trees":100,"balance_factor":0.05,"contamination":0.005,"training_duration":12960000.0,"quantiles_features":["amount"],"quantiles_values":[0.005,0.995],"rules":{"max_trx_hour":6,"max_trx_week":40,"max_trx_day":15}},"accuracy":0.9847187305790905,"f1_score":0.43310626071643726,"recall":0.5823415789145742,"precision":0.34475635397838356,"confusion_matrix":[[1567233,17763],[6703,9346]]}