{"parameters":{"use_anomaly":false,"n_trees":200,"balance_factor":0.1,"contamination":0.001,"training_duration":12960000.0,"quantiles_features":["amount"],"quantiles_values":[0.01,0.99],"rules":{"max_trx_hour":5,"max_trx_week":20,"max_trx_day":10}},"accuracy":0.9851927959551418,"f1_score":0.4981264686580435,"recall":0.7330674808399277,"precision":0.3772284211876363,"confusion_matrix":[[1565573,19423],[4284,11765]]}