{"parameters":{"use_anomaly":false,"n_trees":200,"balance_factor":0.05,"contamination":0.001,"training_duration":12960000.0,"quantiles_features":["amount"],"quantiles_values":[0.05,0.95],"rules":{"max_trx_hour":10,"max_trx_week":100,"max_trx_day":20}},"accuracy":0.9901764160282815,"f1_score":0.543983763409684,"recall":0.584522400149542,"precision":0.5087034325687327,"confusion_matrix":[[1575936,9060],[6668,9381]]}