{"parameters":{"use_anomaly":false,"n_trees":100,"balance_factor":0.05,"contamination":0.001,"training_duration":12960000.0,"quantiles_features":["amount"],"quantiles_values":[0.05,0.95],"rules":{"max_trx_hour":6,"max_trx_week":30,"max_trx_day":10}},"accuracy":0.9901907816457376,"f1_score":0.5451649338237423,"recall":0.5864539846719422,"precision":0.5093073593073593,"confusion_matrix":[[1575928,9068],[6637,9412]]}