{"parameters":{"use_anomaly":false,"n_trees":200,"balance_factor":0.1,"contamination":0.005,"training_duration":12960000.0,"quantiles_features":["amount"],"quantiles_values":[0.01,0.99],"rules":{"max_trx_hour":6,"max_trx_week":30,"max_trx_day":10}},"accuracy":0.9852671224106755,"f1_score":0.4994057724957555,"recall":0.7331297900180697,"precision":0.37868108525634836,"confusion_matrix":[[1565691,19305],[4283,11766]]}