{"parameters":{"use_anomaly":true,"n_trees":200,"balance_factor":0.1,"contamination":0.001,"training_duration":12960000.0,"quantiles_features":["amount"],"quantiles_values":[0.005,0.995],"rules":{"max_trx_hour":6,"max_trx_week":30,"max_trx_day":10}},"accuracy":0.9840029480745388,"f1_score":0.479219194794632,"recall":0.7342513552246246,"precision":0.35567897135613175,"confusion_matrix":[[1563649,21347],[4265,11784]]}