{"parameters":{"use_anomaly":true,"n_trees":100,"balance_factor":0.1,"contamination":0.001,"training_duration":12960000.0,"quantiles_features":["amount"],"quantiles_values":[0.005,0.995],"rules":{"max_trx_hour":10,"max_trx_week":100,"max_trx_day":20}},"accuracy":0.9842665259252551,"f1_score":0.4819217638106207,"recall":0.7300143311109727,"precision":0.3596844011911706,"confusion_matrix":[[1564139,20857],[4333,11716]]}