{"parameters":{"use_anomaly":false,"n_trees":200,"balance_factor":0.05,"contamination":0.005,"training_duration":12960000.0,"quantiles_features":["amount"],"quantiles_values":[0.005,0.995],"rules":{"max_trx_hour":10,"max_trx_week":100,"max_trx_day":20}},"accuracy":0.9901426880568629,"f1_score":0.546181274442144,"recall":0.591750264814007,"precision":0.5071287445933679,"confusion_matrix":[[1575766,9230],[6552,9497]]}