{"parameters":{"use_anomaly":false,"n_trees":100,"balance_factor":0.1,"contamination":0.001,"training_duration":12960000.0,"quantiles_features":["amount"],"quantiles_values":[0.05,0.95],"rules":{"max_trx_hour":10,"max_trx_week":100,"max_trx_day":20}},"accuracy":0.9851965435075216,"f1_score":0.49746623412420754,"recall":0.7309489687831018,"precision":0.37703284694992606,"confusion_matrix":[[1565613,19383],[4318,11731]]}