{"parameters":{"use_anomaly":false,"n_trees":100,"balance_factor":0.1,"contamination":0.001,"training_duration":12960000.0,"quantiles_features":["amount"],"quantiles_values":[0.01,0.99],"rules":{"max_trx_hour":5,"max_trx_week":20,"max_trx_day":10}},"accuracy":0.9851053530662786,"f1_score":0.49509855815036735,"recall":0.7285189108355661,"precision":0.3749599127701879,"confusion_matrix":[[1565506,19490],[4357,11692]]}