{"parameters":{"use_anomaly":true,"n_trees":100,"balance_factor":0.1,"contamination":0.005,"training_duration":12960000.0,"quantiles_features":["amount"],"quantiles_values":[0.005,0.995],"rules":{"max_trx_hour":6,"max_trx_week":30,"max_trx_day":10}},"accuracy":0.978389739201584,"f1_score":0.4030847264634336,"recall":0.7278958190541467,"precision":0.27871355632962735,"confusion_matrix":[[1554764,30232],[4367,11682]]}