{"parameters":{"use_anomaly":true,"n_trees":200,"balance_factor":0.05,"contamination":0.005,"training_duration":12960000.0,"quantiles_features":["amount"],"quantiles_values":[0.05,0.95],"rules":{"max_trx_hour":10,"max_trx_week":100,"max_trx_day":20}},"accuracy":0.984472641306147,"f1_score":0.43205702275427216,"recall":0.5891955885101875,"precision":0.34108862677199436,"confusion_matrix":[[1566729,18267],[6593,9456]]}