{"parameters":{"use_anomaly":false,"n_trees":100,"balance_factor":0.05,"contamination":0.001,"training_duration":12960000.0,"quantiles_features":["amount"],"quantiles_values":[0.01,0.99],"rules":{"max_trx_hour":5,"max_trx_week":20,"max_trx_day":10}},"accuracy":0.9901114584536974,"f1_score":0.5423748410220834,"recall":0.5845847093276839,"precision":0.5058500026958538,"confusion_matrix":[[1575831,9165],[6667,9382]]}