{"parameters":{"use_anomaly":false,"n_trees":100,"balance_factor":0.05,"contamination":0.005,"training_duration":12960000.0,"quantiles_features":["amount"],"quantiles_values":[0.01,0.99],"rules":{"max_trx_hour":6,"max_trx_week":40,"max_trx_day":15}},"accuracy":0.9901876586854211,"f1_score":0.5431811573131724,"recall":0.5819677238457225,"precision":0.5092415898805954,"confusion_matrix":[[1575995,9001],[6709,9340]]}