{"parameters":{"use_anomaly":true,"n_trees":200,"balance_factor":0.05,"contamination":0.001,"training_duration":12960000.0,"quantiles_features":["amount"],"quantiles_values":[0.01,0.99],"rules":{"max_trx_hour":6,"max_trx_week":40,"max_trx_day":15}},"accuracy":0.9891064898238338,"f1_score":0.5221251061731101,"recall":0.5936818493364072,"precision":0.465962441314554,"confusion_matrix":[[1574076,10920],[6521,9528]]}