{"parameters":{"use_anomaly":true,"n_trees":100,"balance_factor":0.05,"contamination":0.005,"training_duration":12960000.0,"quantiles_features":["amount"],"quantiles_values":[0.005,0.995],"rules":{"max_trx_hour":10,"max_trx_week":100,"max_trx_day":20}},"accuracy":0.9843583409585615,"f1_score":0.43188675393026477,"recall":0.5931210667331298,"precision":0.339576198630137,"confusion_matrix":[[1566483,18513],[6530,9519]]}