{"parameters":{"use_anomaly":true,"n_trees":200,"balance_factor":0.05,"contamination":0.005,"training_duration":12960000.0,"quantiles_features":["amount"],"quantiles_values":[0.05,0.95],"rules":{"max_trx_hour":5,"max_trx_week":20,"max_trx_day":10}},"accuracy":0.9838111983111031,"f1_score":0.4238045483849454,"recall":0.593931086048975,"precision":0.3294394138383908,"confusion_matrix":[[1565594,19402],[6517,9532]]}