{"parameters":{"use_anomaly":false,"n_trees":100,"balance_factor":0.05,"contamination":0.001,"training_duration":12960000.0,"quantiles_features":["amount"],"quantiles_values":[0.01,0.99],"rules":{"max_trx_hour":10,"max_trx_week":100,"max_trx_day":20}},"accuracy":0.990181412764788,"f1_score":0.5413968142832137,"recall":0.5781668639790641,"precision":0.5090240825058971,"confusion_matrix":[[1576046,8950],[6770,9279]]}