{"parameters":{"use_anomaly":true,"n_trees":100,"balance_factor":0.05,"contamination":0.005,"training_duration":12960000.0,"quantiles_features":["amount"],"quantiles_values":[0.01,0.99],"rules":{"max_trx_hour":10,"max_trx_week":100,"max_trx_day":20}},"accuracy":0.9844589002807541,"f1_score":0.4325914439478245,"recall":0.5910025546763038,"precision":0.3411502355860878,"confusion_matrix":[[1566678,18318],[6564,9485]]}