{"parameters":{"use_anomaly":false,"n_trees":100,"balance_factor":0.05,"contamination":0.005,"training_duration":12960000.0,"quantiles_features":["amount"],"quantiles_values":[0.01,0.99],"rules":{}},"accuracy":0.990106461717191,"f1_score":0.5401230983625596,"recall":0.5795999750763288,"precision":0.5056808915466159,"confusion_matrix":[[1575903,9093],[6747,9302]]}