{"parameters":{"use_anomaly":false,"n_trees":200,"balance_factor":0.05,"contamination":0.005,"training_duration":12960000.0,"quantiles_features":["amount"],"quantiles_values":[0.01,0.99],"rules":{"max_trx_hour":6,"max_trx_week":30,"max_trx_day":10}},"accuracy":0.9901757914362183,"f1_score":0.5457066112122,"recall":0.5886348059069101,"precision":0.5086141918811241,"confusion_matrix":[[1575869,9127],[6602,9447]]}