{"parameters":{"use_anomaly":true,"n_trees":200,"balance_factor":0.05,"contamination":0.005,"training_duration":12960000.0,"quantiles_features":["amount"],"quantiles_values":[0.005,0.995],"rules":{"max_trx_hour":5,"max_trx_week":20,"max_trx_day":10}},"accuracy":0.9846337860584805,"f1_score":0.43513798962207834,"recall":0.5904417720730264,"precision":0.3445191783312125,"confusion_matrix":[[1566967,18029],[6573,9476]]}