{"parameters":{"use_anomaly":true,"n_trees":100,"balance_factor":0.1,"contamination":0.001,"training_duration":12960000.0,"quantiles_features":["amount"],"quantiles_values":[0.005,0.995],"rules":{"max_trx_hour":6,"max_trx_week":30,"max_trx_day":10}},"accuracy":0.9837443669603291,"f1_score":0.4736480200622902,"recall":0.729640476042121,"precision":0.35063029613438335,"confusion_matrix":[[1563309,21687],[4339,11710]]}