{"parameters":{"use_anomaly":false,"n_trees":100,"balance_factor":0.05,"contamination":0.001,"training_duration":12960000.0,"quantiles_features":["amount"],"quantiles_values":[0.005,0.995],"rules":{"max_trx_hour":10,"max_trx_week":100,"max_trx_day":20}},"accuracy":0.9901189535584571,"f1_score":0.5422453703703703,"recall":0.5838369991899807,"precision":0.5061855113175949,"confusion_matrix":[[1575855,9141],[6679,9370]]}