{"parameters":{"use_anomaly":true,"n_trees":100,"balance_factor":0.05,"contamination":0.001,"training_duration":12960000.0,"quantiles_features":["amount"],"quantiles_values":[0.05,0.95],"rules":{"max_trx_hour":6,"max_trx_week":30,"max_trx_day":10}},"accuracy":0.9890184223429073,"f1_score":0.5174552640245911,"recall":0.5873886223440713,"precision":0.4624025114043263,"confusion_matrix":[[1574036,10960],[6622,9427]]}