{"parameters":{"use_anomaly":false,"n_trees":200,"balance_factor":0.05,"contamination":0.005,"training_duration":12960000.0,"quantiles_features":["amount"],"quantiles_values":[0.005,0.995],"rules":{"max_trx_hour":5,"max_trx_week":20,"max_trx_day":10}},"accuracy":0.9902869688234872,"f1_score":0.549572773352643,"recall":0.5911271730325877,"precision":0.5134769430612687,"confusion_matrix":[[1576007,8989],[6562,9487]]}