{"parameters":{"use_anomaly":false,"n_trees":200,"balance_factor":0.05,"contamination":0.001,"training_duration":12960000.0,"quantiles_features":["amount"],"quantiles_values":[0.005,0.995],"rules":{"max_trx_hour":6,"max_trx_week":40,"max_trx_day":15}},"accuracy":0.9900870993632284,"f1_score":0.5426092970978991,"recall":0.5865786030282261,"precision":0.5047721179624665,"confusion_matrix":[[1575760,9236],[6635,9414]]}