{"parameters":{"use_anomaly":false,"n_trees":100,"balance_factor":0.05,"contamination":0.001,"training_duration":12960000.0,"quantiles_features":["amount"],"quantiles_values":[0.05,0.95],"rules":{}},"accuracy":0.9900402549584802,"f1_score":0.5387063179819486,"recall":0.5801607576796062,"precision":0.5027809276958799,"confusion_matrix":[[1575788,9208],[6738,9311]]}