{"parameters":{"use_anomaly":false,"n_trees":100,"balance_factor":0.1,"contamination":0.001,"training_duration":12960000.0,"quantiles_features":["amount"],"quantiles_values":[0.005,0.995],"rules":{"max_trx_hour":6,"max_trx_week":40,"max_trx_day":15}},"accuracy":0.9853601866281085,"f1_score":0.4987918314979151,"recall":0.7267119446694498,"precision":0.37970438859226463,"confusion_matrix":[[1565943,19053],[4386,11663]]}