{"parameters":{"use_anomaly":false,"n_trees":200,"balance_factor":0.1,"contamination":0.005,"training_duration":12960000.0,"quantiles_features":["amount"],"quantiles_values":[0.05,0.95],"rules":{"max_trx_hour":5,"max_trx_week":20,"max_trx_day":10}},"accuracy":0.9850722496869232,"f1_score":0.49707503892933796,"recall":0.7359337030344569,"precision":0.37527404441902584,"confusion_matrix":[[1565334,19662],[4238,11811]]}