{"parameters":{"use_anomaly":false,"n_trees":200,"balance_factor":0.1,"contamination":0.001,"training_duration":12960000.0,"quantiles_features":["amount"],"quantiles_values":[0.01,0.99],"rules":{"max_trx_hour":6,"max_trx_week":30,"max_trx_day":10}},"accuracy":0.9852015402440282,"f1_score":0.49742273508262097,"recall":0.7305751137142501,"precision":0.3770823953174246,"confusion_matrix":[[1565627,19369],[4324,11725]]}