{"parameters":{"use_anomaly":true,"n_trees":200,"balance_factor":0.05,"contamination":0.001,"training_duration":12960000.0,"quantiles_features":["amount"],"quantiles_values":[0.005,0.995],"rules":{"max_trx_hour":6,"max_trx_week":30,"max_trx_day":10}},"accuracy":0.9892782526412437,"f1_score":0.5258011049723756,"recall":0.592996448376846,"precision":0.47228425388318196,"confusion_matrix":[[1574362,10634],[6532,9517]]}