{"parameters":{"use_anomaly":false,"n_trees":200,"balance_factor":0.1,"contamination":0.005,"training_duration":12960000.0,"quantiles_features":["amount"],"quantiles_values":[0.05,0.95],"rules":{"max_trx_hour":6,"max_trx_week":30,"max_trx_day":10}},"accuracy":0.9852515076090929,"f1_score":0.49907719722522753,"recall":0.7329428624836438,"precision":0.378353168221293,"confusion_matrix":[[1565669,19327],[4286,11763]]}