{"parameters":{"use_anomaly":true,"n_trees":200,"balance_factor":0.05,"contamination":0.001,"training_duration":12960000.0,"quantiles_features":["amount"],"quantiles_values":[0.05,0.95],"rules":{}},"accuracy":0.9889584615048297,"f1_score":0.5143406593406593,"recall":0.5832762165867033,"precision":0.45997739668812343,"confusion_matrix":[[1574006,10990],[6688,9361]]}