{"parameters":{"use_anomaly":false,"n_trees":100,"balance_factor":0.1,"contamination":0.005,"training_duration":12960000.0,"quantiles_features":["amount"],"quantiles_values":[0.005,0.995],"rules":{"max_trx_hour":6,"max_trx_week":40,"max_trx_day":15}},"accuracy":0.9854213966503128,"f1_score":0.5010581218870909,"recall":0.7302635678235404,"precision":0.38136144735129507,"confusion_matrix":[[1565984,19012],[4329,11720]]}