{"parameters":{"use_anomaly":true,"n_trees":200,"balance_factor":0.05,"contamination":0.001,"training_duration":12960000.0,"quantiles_features":["amount"],"quantiles_values":[0.005,0.995],"rules":{"max_trx_hour":5,"max_trx_week":20,"max_trx_day":10}},"accuracy":0.9891483374920755,"f1_score":0.5202407908543657,"recall":0.5869524580970777,"precision":0.46714604512769653,"confusion_matrix":[[1574251,10745],[6629,9420]]}