{"parameters":{"use_anomaly":true,"n_trees":200,"balance_factor":0.1,"contamination":0.001,"training_duration":12960000.0,"quantiles_features":["amount"],"quantiles_values":[0.05,0.95],"rules":{"max_trx_hour":6,"max_trx_week":30,"max_trx_day":10}},"accuracy":0.984007320218982,"f1_score":0.4811234725515229,"recall":0.7396722537229734,"precision":0.3565078983722746,"confusion_matrix":[[1563569,21427],[4178,11871]]}