{"parameters":{"use_anomaly":false,"n_trees":100,"balance_factor":0.1,"contamination":0.001,"training_duration":12960000.0,"quantiles_features":["amount"],"quantiles_values":[0.005,0.995],"rules":{"max_trx_hour":5,"max_trx_week":20,"max_trx_day":10}},"accuracy":0.9851515728789634,"f1_score":0.49602510016747575,"recall":0.7289550750825596,"precision":0.3759077180129812,"confusion_matrix":[[1565573,19423],[4350,11699]]}