{"parameters":{"use_anomaly":true,"n_trees":200,"balance_factor":0.05,"contamination":0.005,"training_duration":12960000.0,"quantiles_features":["amount"],"quantiles_values":[0.01,0.99],"rules":{"max_trx_hour":6,"max_trx_week":40,"max_trx_day":15}},"accuracy":0.9845700776680231,"f1_score":0.43425090459396326,"recall":0.5907533179637361,"precision":0.34330303798385053,"confusion_matrix":[[1566860,18136],[6568,9481]]}