{"parameters":{"use_anomaly":false,"n_trees":100,"balance_factor":0.05,"contamination":0.005,"training_duration":12960000.0,"quantiles_features":["amount"],"quantiles_values":[0.01,0.99],"rules":{"max_trx_hour":6,"max_trx_week":30,"max_trx_day":10}},"accuracy":0.9901583028584455,"f1_score":0.5411072603896672,"recall":0.5788522649386254,"precision":0.5079833770778652,"confusion_matrix":[[1575998,8998],[6759,9290]]}