{"parameters":{"use_anomaly":false,"n_trees":200,"balance_factor":0.05,"contamination":0.005,"training_duration":12960000.0,"quantiles_features":["amount"],"quantiles_values":[0.05,0.95],"rules":{"max_trx_hour":10,"max_trx_week":100,"max_trx_day":20}},"accuracy":0.9901014649806845,"f1_score":0.5417004048582996,"recall":0.583587762477413,"precision":0.5054233446656953,"confusion_matrix":[[1575831,9165],[6683,9366]]}