{"parameters":{"use_anomaly":false,"n_trees":200,"balance_factor":0.05,"contamination":0.005,"training_duration":12960000.0,"quantiles_features":["amount"],"quantiles_values":[0.01,0.99],"rules":{"max_trx_hour":5,"max_trx_week":20,"max_trx_day":10}},"accuracy":0.9901614258187621,"f1_score":0.5447925095364697,"recall":0.5873263131659293,"precision":0.5080032336297494,"confusion_matrix":[[1575867,9129],[6623,9426]]}