{"parameters":{"use_anomaly":false,"n_trees":200,"balance_factor":0.1,"contamination":0.005,"training_duration":12960000.0,"quantiles_features":["amount"],"quantiles_values":[0.05,0.95],"rules":{"max_trx_hour":6,"max_trx_week":40,"max_trx_day":15}},"accuracy":0.9851690614567361,"f1_score":0.4989766421201443,"recall":0.7367437223503022,"precision":0.3772332822868811,"confusion_matrix":[[1565476,19520],[4225,11824]]}