{"parameters":{"use_anomaly":true,"n_trees":100,"balance_factor":0.1,"contamination":0.005,"training_duration":12960000.0,"quantiles_features":["amount"],"quantiles_values":[0.005,0.995],"rules":{"max_trx_hour":6,"max_trx_week":40,"max_trx_day":15}},"accuracy":0.9791454955981874,"f1_score":0.4120309225703066,"recall":0.7289550750825596,"precision":0.28717659187981737,"confusion_matrix":[[1555957,29039],[4350,11699]]}