{"parameters":{"use_anomaly":true,"n_trees":200,"balance_factor":0.1,"contamination":0.001,"training_duration":12960000.0,"quantiles_features":["amount"],"quantiles_values":[0.005,0.995],"rules":{"max_trx_hour":5,"max_trx_week":20,"max_trx_day":10}},"accuracy":0.983922375698372,"f1_score":0.4771171463974487,"recall":0.731758988098947,"precision":0.35394816154309827,"confusion_matrix":[[1563560,21436],[4305,11744]]}