{"parameters":{"use_anomaly":false,"n_trees":200,"balance_factor":0.1,"contamination":0.005,"training_duration":12960000.0,"quantiles_features":["amount"],"quantiles_values":[0.01,0.99],"rules":{"max_trx_hour":10,"max_trx_week":100,"max_trx_day":20}},"accuracy":0.9852415141360799,"f1_score":0.49758669813527245,"recall":0.7290796934388435,"precision":0.3776709056871732,"confusion_matrix":[[1565715,19281],[4348,11701]]}