{"parameters":{"use_anomaly":true,"n_trees":200,"balance_factor":0.1,"contamination":0.001,"training_duration":12960000.0,"quantiles_features":["amount"],"quantiles_values":[0.01,0.99],"rules":{"max_trx_hour":6,"max_trx_week":30,"max_trx_day":10}},"accuracy":0.9840560383999201,"f1_score":0.47943389685339644,"recall":0.7324443890585083,"precision":0.3563417000121256,"confusion_matrix":[[1563763,21233],[4294,11755]]}