{"parameters":{"use_anomaly":true,"n_trees":200,"balance_factor":0.1,"contamination":0.001,"training_duration":12960000.0,"quantiles_features":["amount"],"quantiles_values":[0.005,0.995],"rules":{"max_trx_hour":10,"max_trx_week":100,"max_trx_day":20}},"accuracy":0.9840366760459575,"f1_score":0.47913100187494906,"recall":0.7324443890585083,"precision":0.35600714739998185,"confusion_matrix":[[1563732,21264],[4294,11755]]}