{"parameters":{"use_anomaly":true,"n_trees":100,"balance_factor":0.05,"contamination":0.001,"training_duration":12960000.0,"quantiles_features":["amount"],"quantiles_values":[0.005,0.995],"rules":{"max_trx_hour":5,"max_trx_week":20,"max_trx_day":10}},"accuracy":0.9891620785174683,"f1_score":0.5177052643282005,"recall":0.58028537603589,"precision":0.46730894676100154,"confusion_matrix":[[1574380,10616],[6736,9313]]}