{"parameters":{"use_anomaly":false,"n_trees":100,"balance_factor":0.1,"contamination":0.005,"training_duration":12960000.0,"quantiles_features":["amount"],"quantiles_values":[0.05,0.95],"rules":{"max_trx_hour":10,"max_trx_week":100,"max_trx_day":20}},"accuracy":0.985144702366267,"f1_score":0.49680531460246263,"recall":0.7315720605645212,"precision":0.3761091712848768,"confusion_matrix":[[1565520,19476],[4308,11741]]}