{"parameters":{"use_anomaly":true,"n_trees":100,"balance_factor":0.05,"contamination":0.005,"training_duration":12960000.0,"quantiles_features":["amount"],"quantiles_values":[0.005,0.995],"rules":{"max_trx_hour":5,"max_trx_week":20,"max_trx_day":10}},"accuracy":0.9843177424744464,"f1_score":0.42887038806241756,"recall":0.5873886223440713,"precision":0.33772794038619997,"confusion_matrix":[[1566510,18486],[6622,9427]]}