{"parameters":{"use_anomaly":true,"n_trees":200,"balance_factor":0.05,"contamination":0.005,"training_duration":12960000.0,"quantiles_features":["amount"],"quantiles_values":[0.05,0.95],"rules":{"max_trx_hour":6,"max_trx_week":30,"max_trx_day":10}},"accuracy":0.9846593943330763,"f1_score":0.4333602491636867,"recall":0.5852078011091034,"precision":0.3440797186400938,"confusion_matrix":[[1567092,17904],[6657,9392]]}