{"parameters":{"use_anomaly":true,"n_trees":200,"balance_factor":0.1,"contamination":0.001,"training_duration":12960000.0,"quantiles_features":["amount"],"quantiles_values":[0.05,0.95],"rules":{"max_trx_hour":10,"max_trx_week":100,"max_trx_day":20}},"accuracy":0.9840335530856409,"f1_score":0.47995117485505034,"recall":0.7349990653623278,"precision":0.35631003443484566,"confusion_matrix":[[1563686,21310],[4253,11796]]}