{"parameters":{"use_anomaly":true,"n_trees":100,"balance_factor":0.1,"contamination":0.001,"training_duration":12960000.0,"quantiles_features":["amount"],"quantiles_values":[0.01,0.99],"rules":{"max_trx_hour":5,"max_trx_week":20,"max_trx_day":10}},"accuracy":0.9834545562429539,"f1_score":0.46834985750411434,"recall":0.7270234905601595,"precision":0.34544216478668915,"confusion_matrix":[[1562887,22109],[4381,11668]]}