{"parameters":{"use_anomaly":false,"n_trees":100,"balance_factor":0.1,"contamination":0.001,"training_duration":12960000.0,"quantiles_features":["amount"],"quantiles_values":[0.01,0.99],"rules":{"max_trx_hour":6,"max_trx_week":40,"max_trx_day":15}},"accuracy":0.9852021648360915,"f1_score":0.49749724272503604,"recall":0.7307620412486759,"precision":0.37711823531303257,"confusion_matrix":[[1565625,19371],[4321,11728]]}