{"parameters":{"use_anomaly":true,"n_trees":100,"balance_factor":0.05,"contamination":0.001,"training_duration":12960000.0,"quantiles_features":["amount"],"quantiles_values":[0.05,0.95],"rules":{"max_trx_hour":5,"max_trx_week":20,"max_trx_day":10}},"accuracy":0.9889434712953102,"f1_score":0.5174199880050161,"recall":0.5913141005670135,"precision":0.4599428100615519,"confusion_matrix":[[1573853,11143],[6559,9490]]}