{"parameters":{"use_anomaly":false,"n_trees":100,"balance_factor":0.1,"contamination":0.005,"training_duration":12960000.0,"quantiles_features":["amount"],"quantiles_values":[0.01,0.99],"rules":{"max_trx_hour":5,"max_trx_week":20,"max_trx_day":10}},"accuracy":0.9851559450234066,"f1_score":0.497015873015873,"recall":0.731634369742663,"precision":0.37633409185603023,"confusion_matrix":[[1565537,19459],[4307,11742]]}