{"parameters":{"use_anomaly":false,"n_trees":100,"balance_factor":0.05,"contamination":0.005,"training_duration":12960000.0,"quantiles_features":["amount"],"quantiles_values":[0.005,0.995],"rules":{"max_trx_hour":10,"max_trx_week":100,"max_trx_day":20}},"accuracy":0.9900883485473551,"f1_score":0.5380069288771143,"recall":0.5757368060315284,"precision":0.5049180327868853,"confusion_matrix":[[1575936,9060],[6809,9240]]}