{"parameters":{"use_anomaly":true,"n_trees":100,"balance_factor":0.05,"contamination":0.001,"training_duration":12960000.0,"quantiles_features":["amount"],"quantiles_values":[0.005,0.995],"rules":{"max_trx_hour":6,"max_trx_week":40,"max_trx_day":15}},"accuracy":0.9891121111524036,"f1_score":0.5177869986168742,"recall":0.5831515982304193,"precision":0.46559872643152084,"confusion_matrix":[[1574254,10742],[6690,9359]]}