{"parameters":{"use_anomaly":false,"n_trees":100,"balance_factor":0.1,"contamination":0.001,"training_duration":12960000.0,"quantiles_features":["amount"],"quantiles_values":[0.05,0.95],"rules":{"max_trx_hour":5,"max_trx_week":20,"max_trx_day":10}},"accuracy":0.9853801735741344,"f1_score":0.4987257736374344,"recall":0.725528070284753,"precision":0.37995170658487243,"confusion_matrix":[[1565994,19002],[4405,11644]]}