{"parameters":{"use_anomaly":true,"n_trees":100,"balance_factor":0.1,"contamination":0.001,"training_duration":12960000.0,"quantiles_features":["amount"],"quantiles_values":[0.05,0.95],"rules":{"max_trx_hour":5,"max_trx_week":20,"max_trx_day":10}},"accuracy":0.9839329937634482,"f1_score":0.4782996673967713,"recall":0.7347498286497601,"precision":0.35455064794491714,"confusion_matrix":[[1563529,21467],[4257,11792]]}