{"parameters":{"use_anomaly":false,"n_trees":200,"balance_factor":0.1,"contamination":0.001,"training_duration":12960000.0,"quantiles_features":["amount"],"quantiles_values":[0.05,0.95],"rules":{"max_trx_hour":6,"max_trx_week":40,"max_trx_day":15}},"accuracy":0.9851746827853058,"f1_score":0.498415113477875,"recall":0.734812137827902,"precision":0.377098455536725,"confusion_matrix":[[1565516,19480],[4256,11793]]}