{"parameters":{"use_anomaly":false,"n_trees":200,"balance_factor":0.05,"contamination":0.001,"training_duration":12960000.0,"quantiles_features":["amount"],"quantiles_values":[0.005,0.995],"rules":{"max_trx_hour":6,"max_trx_week":30,"max_trx_day":10}},"accuracy":0.9901764160282815,"f1_score":0.5468479889362683,"recall":0.5913141005670135,"precision":0.5086017471461494,"confusion_matrix":[[1575827,9169],[6559,9490]]}