{"parameters":{"use_anomaly":true,"n_trees":100,"balance_factor":0.1,"contamination":0.005,"training_duration":12960000.0,"quantiles_features":["amount"],"quantiles_values":[0.05,0.95],"rules":{"max_trx_hour":6,"max_trx_week":40,"max_trx_day":15}},"accuracy":0.9799868211074642,"f1_score":0.4223127681823099,"recall":0.7297650943984049,"precision":0.297130679655986,"confusion_matrix":[[1557291,27705],[4337,11712]]}