{"parameters":{"use_anomaly":true,"n_trees":200,"balance_factor":0.05,"contamination":0.005,"training_duration":12960000.0,"quantiles_features":["amount"],"quantiles_values":[0.005,0.995],"rules":{"max_trx_hour":6,"max_trx_week":30,"max_trx_day":10}},"accuracy":0.984926095144109,"f1_score":0.44126499050794094,"recall":0.5938064676926912,"precision":0.3510775465094861,"confusion_matrix":[[1567381,17615],[6519,9530]]}