{"parameters":{"use_anomaly":true,"n_trees":200,"balance_factor":0.05,"contamination":0.001,"training_duration":12960000.0,"quantiles_features":["amount"],"quantiles_values":[0.005,0.995],"rules":{"max_trx_hour":6,"max_trx_week":40,"max_trx_day":15}},"accuracy":0.9887785789905967,"f1_score":0.5156106767322729,"recall":0.5958003613932332,"precision":0.45444608146000665,"confusion_matrix":[[1573517,11479],[6487,9562]]}