{"parameters":{"use_anomaly":true,"n_trees":100,"balance_factor":0.05,"contamination":0.005,"training_duration":12960000.0,"quantiles_features":["amount"],"quantiles_values":[0.05,0.95],"rules":{"max_trx_hour":10,"max_trx_week":100,"max_trx_day":20}},"accuracy":0.9851390810376972,"f1_score":0.4426694150992012,"recall":0.5887594242631939,"precision":0.3546655656482246,"confusion_matrix":[[1567803,17193],[6600,9449]]}