{"parameters":{"use_anomaly":false,"n_trees":100,"balance_factor":0.05,"contamination":0.005,"training_duration":12960000.0,"quantiles_features":["amount"],"quantiles_values":[0.05,0.95],"rules":{"max_trx_hour":6,"max_trx_week":30,"max_trx_day":10}},"accuracy":0.9899378218600976,"f1_score":0.5402922040862915,"recall":0.5898809894697489,"precision":0.49839431429323505,"confusion_matrix":[[1575468,9528],[6582,9467]]}