{"parameters":{"use_anomaly":true,"n_trees":200,"balance_factor":0.1,"contamination":0.001,"training_duration":12960000.0,"quantiles_features":["amount"],"quantiles_values":[0.005,0.995],"rules":{}},"accuracy":0.9841309894475171,"f1_score":0.481097971937994,"recall":0.7338775001557729,"precision":0.3578416479309716,"confusion_matrix":[[1563860,21136],[4271,11778]]}