{"agent":{"is_recurrent":true,"train_on":"episode","gamma":0.99,"lr_actor":0.007751751648130268,"lr_critic":0.003790033882253389,"n_epochs":52,"eps_clip":0.5,"critic_c1":{"start_value":0.4105552831006898,"end_value":0.3271347177719041,"n_steps":2728,"name":"LinearSchedule","a":-0.000030579386117590056,"b":0.4105552831006898},"entropy_c2":{"start_value":0.19110949972090585,"end_value":0.030016369088242106,"n_steps":1699,"name":"LinearSchedule","a":-0.00009481643945418702,"b":0.19110949972090585},"train_interval":6,"minibatch_size":5,"gae_lambda":0.99,"grad_norm_clipping":2.388555590580865,"normalize_rewards":false,"normalize_advantages":false},"cardsim":{"n_days":910,"start_date":"2023-01-01","n_payers":20000},"n_episodes":4000,"know_client":false,"terminal_fract":0.1,"seed_value":0,"avg_card_block_delay_days":7,"clf_params":{"use_anomaly":false,"n_trees":139,"balance_factor":0.06473635736763925,"contamination":"auto","training_duration":12960000.0,"quantiles":{"amount":[0.0,0.9976319783361984],"terminal_risk_last_1 day, 0:00:00":[0.0,0.9999572867664103]}},"card_pool_size":50,"include_weekday":true,"aggregation_windows":[3600.0,86400.0,604800.0,2592000.0],"agent_name":"rppo","logdir":"logs/final-results/rppo"}