{"agent":{"is_recurrent":false,"train_on":"transition","gamma":0.99,"lr_actor":0.000956264649262804,"lr_critic":0.006671638920039944,"n_epochs":15,"eps_clip":0.5,"critic_c1":{"start_value":0.9210682011725766,"end_value":0.27782884309696426,"n_steps":2980,"name":"LinearSchedule","a":-0.00021585213358242026,"b":0.9210682011725766},"entropy_c2":{"start_value":0.15586561621061853,"end_value":0.08458724795592026,"n_steps":2012,"name":"LinearSchedule","a":-0.00003542662438106276,"b":0.15586561621061853},"train_interval":63,"minibatch_size":47,"gae_lambda":0.95,"grad_norm_clipping":null,"normalize_rewards":true,"normalize_advantages":true},"cardsim":{"n_days":910,"start_date":"2023-01-01","n_payers":20000},"n_episodes":4000,"know_client":false,"terminal_fract":0.1,"seed_value":0,"avg_card_block_delay_days":7,"clf_params":{"use_anomaly":false,"n_trees":139,"balance_factor":0.06473635736763925,"contamination":"auto","training_duration":12960000.0,"quantiles":{"amount":[0.0,0.9976319783361984],"terminal_risk_last_1 day, 0:00:00":[0.0,0.9999572867664103]}},"card_pool_size":50,"include_weekday":true,"aggregation_windows":[3600.0,86400.0,604800.0,2592000.0],"agent_name":"ppo","logdir":"logs/final-results/ppo"}